Year,Company,Category,Market_Cap_in_B_USD_,Revenue,Gross_Profit,Net_Income,Earning_Per_Share,EBITDA,Share_Holder_Equity,Cash_Flow_from_Operating,Cash_Flow_from_Investing,Cash_Flow_from_Financial_Activities,Current_Ratio,Debt_Equity_Ratio,ROE,ROA,ROI,Net_Profit_Margin,Free_Cash_Flow_per_Share,Return_on_Tangible_Equity,Number_of_Employees,Inflation_Rate_in_US_
0.9285714285714164,0,6,0.7094889608963093,0.7656840026267752,0.7572526529434304,1.0,0.9158922814337188,1.0,0.22274008782909904,1.0,0.34068215069495245,0.0,0.0633722216344628,0.670107732686495,1.0,0.9478531352443705,0.49712455523801147,0.8602068751966025,0.47450594191033607,0.4287530842922582,0.0989529383868512,1.0
0.8571428571428612,0,6,1.0,0.7098519571534727,0.6771286159694153,0.9542781154337019,0.9111511473544471,0.9249787119453279,0.26971492425127946,0.8878752423421911,0.41208851499634236,0.12727818140579616,0.08214632645013609,0.6515032357706629,0.8855187615762841,0.9238324492462329,0.4899237273410251,0.867237879443221,0.47455037246325693,0.40198924471250114,0.09271300028703713,0.6045966285010109
0.7857142857142776,0,6,0.7743745880931457,0.53105859964923,0.46335736386221366,0.6216587681954893,0.8890574625450407,0.6128339677294925,0.2782224461641063,0.7432452617803267,0.5058705193855157,0.17507700637268886,0.10994200417416058,0.6393750177659443,0.7336386485395021,0.7553013336929207,0.47764411997130607,0.8061902819282791,0.47336117905551467,0.36648216043702464,0.0883450436171673,0.1901223933096443
0.714285714285694,0,6,0.44786632249560626,0.5029751453988482,0.4340508789242088,0.6024257677581728,0.8861179594158922,0.6065239699856624,0.37335613606436513,0.6734001979779164,0.9647677395757133,0.144669549375535,0.1269175651371029,0.6144174191531093,0.6681988584007748,0.7297426823646034,0.47475893314776085,0.8101776305441961,0.46927704536050374,0.351183408698128,0.08210510551735326,0.2593469963987892
0.6428571428571388,0,6,0.25694063049209137,0.5135908908483511,0.4494408017732799,0.6405793997161904,0.8862127820974777,0.6452718684725729,0.4363738361736503,0.7231887159396984,0.6919989027066569,0.16735076128390292,0.08775355140276803,0.6084717497797023,0.6547592596842803,0.7289135659839971,0.4743431284384176,0.824629158147216,0.4722913686117075,0.348041450513388,0.07898513646744623,0.33476903198018737
0.5714285714285552,0,6,0.2982445902899824,0.4423864783249477,0.38848384886977894,0.540799842923059,0.8797885454200643,0.570308804157175,0.5381312125431665,0.6414211498875813,0.12038222384784197,0.6787901402576879,0.10152635780442998,0.5987360122798208,0.6071725227057533,0.6670505505879437,0.46897940134816607,0.808387317159484,0.46955444655178347,0.3369164503635507,0.07336919217761359,0.2973810463850305
0.5,0,6,0.21199129503514938,0.4157638885101553,0.37096871474244913,0.5170241059555365,0.8776550350843921,0.5632346198353724,0.5161985259933355,0.6538388754913776,0.12467081199707386,0.6574551680238812,0.1088936550835313,0.5899999052482968,0.6060823437894473,0.6911003923269379,0.4699154997551577,0.809547273120478,0.4671470832887418,0.33812679265969975,0.06900123550774376,0.19347235681897038
0.4285714285714164,0,6,0.20144304701230226,0.4511614562550753,0.41277197776416447,0.5858077413942363,0.8798122510904608,0.6502645541153267,0.4825542841557713,0.7469099146005896,0.03051389904901236,0.6806778024100617,0.08543564194550507,0.5833862363675987,0.6283298068344574,0.7674064328497732,0.47513312665411445,0.8299325161214217,0.47319118389651316,0.34394744086866547,0.06525727264785532,0.056722060706124455
0.3571428571428612,0,6,0.22221001757469241,0.35144668807786084,0.3096858365798875,0.4618954545860219,0.8732457803906694,0.489872708350012,0.4530181653939429,0.6134905527169283,0.33862472567666424,0.5355692618363002,0.08267530993623345,0.5728403718056831,0.6055852319700522,0.742844543411987,0.47340850517008437,0.8148014804183705,0.47059837136910626,0.33826801067708673,0.05714535311809706,0.23661510115693382
0.2857142857142776,0,6,0.17327205074692442,0.3281727285376763,0.2818571771315962,0.4398243594206003,0.8714204437701497,0.4557172072983457,0.49841935614438654,0.5760578574396816,0.23625640087783467,0.6904599896105417,0.14023833110519077,0.5643553567875382,0.5922967689196705,0.7583389974434058,0.4723298100261118,0.8154908186536646,0.4699535488228029,0.3342749199712244,0.049283031112331364,0.2177835205723652
0.21428571428569398,0,6,0.17183724187170474,0.2999698202248671,0.3013144686245616,0.4817353432041911,0.8729139010051203,0.47581895328272716,0.47822297575639966,0.5586631371272848,0.10409656181419163,0.7978738192965898,0.12265684360362786,0.5578506523654763,0.605302005196723,0.8642290037665572,0.4778277132701691,0.8768628106322742,0.4707382310226484,0.3374361144016634,0.0441038824894857,0.29010683990763675
0.1428571428571388,0,6,0.1292014499121265,0.20546599073813904,0.19039272703409965,0.34062491632975445,0.867329793286554,0.3090516080668991,0.3208773225932016,0.4761651166278855,0.17549378200438914,0.8208623250437163,0.13348657824627547,0.5578506523654763,0.6017128383278096,0.8382075050521431,0.47692419084188437,0.8434587822428435,0.4718524720193764,0.3368258630581372,0.03611676172172372,0.4202170297787827
0.07142857142855519,0,6,0.10190918826889278,0.12121366972367562,0.10942932089976393,0.23433916124483473,0.8630864782856058,0.19120675977612972,0.2118418349919029,0.35895812929873216,0.4184070958302853,0.8194941358092438,0.17223702307329786,0.5578506523654763,0.5906945843622685,0.7719365060853497,0.4741504999152717,0.8132003971374645,0.4705307596581398,0.33345227079314005,0.02744324776298219,0.23874472081643394
0.0,0,6,0.06514993409490334,0.0775052324551087,0.07164877922618121,0.18277151552473514,0.8610307225488336,0.14071222189067037,0.15074579834714247,0.306736826609985,0.3856711777615216,0.8151481229468016,0.2425629730795495,0.5578506523654763,0.5826514323217418,0.748211021963384,0.4721257491783631,0.7850554911135577,0.4707985020335671,0.33139958642642553,0.019580925757216486,0.0
1.0,7,6,0.8413986983743409,0.40847131591212016,0.6468398905246523,0.7550849197211884,0.9497439787597193,0.7950742716574115,0.8111587365894938,0.7860077984059627,0.3377011704462326,0.48884596530506236,0.14895213180344896,0.5687044599626678,0.604776082377972,0.7523638928016297,0.4740468714245174,0.9687880917741427,0.4667966614496183,0.3483532831847642,0.13452058555579127,0.48520632185970836
0.9285714285714164,7,6,0.6136485336115992,0.3817508129314035,0.6002638315860072,0.7584495791944452,0.9494595107149629,0.762025021651953,0.6610533666371231,0.7950022925746149,0.2679224579370885,0.37952984042669946,0.15043328556452154,0.5720112944030169,0.625741700112656,0.7955982120241919,0.47706150166533934,0.9999999999999999,0.4743116065353866,0.36365911294878456,0.13452058555579127,1.0
0.8571428571428612,7,6,0.8667481326889278,0.32264650945291395,0.5120229162425081,0.6561085972850678,0.9342878816612933,0.6438235529581299,0.5681704439836992,0.7188926533429711,0.2929224579370885,0.45554848291958416,0.17884450770873206,0.577251063587868,0.6244640055395251,0.7668032734608046,0.4757364583654099,0.9971173128342246,0.47517858184629425,0.3577278991376853,0.10956083315653507,0.6045966285010109
0.7857142857142776,7,6,0.5772222374780316,0.2735469732685601,0.4275546973908759,0.5044758003337885,0.9125734875782286,0.5284896034235558,0.47857855915337866,0.6194456135498557,0.4333211411850768,0.47351053944701743,0.22075923557077318,0.5832109457167493,0.6104921358179809,0.7000967606149674,0.47142893055459,0.9296678397294745,0.47310734537491467,0.35354432964280913,0.09832894457686979,0.1901223933096443
0.714285714285694,7,6,0.4129572166080843,0.23991967556354973,0.365030624406138,0.4594857515149892,0.9059358998672482,0.44760227363701865,0.4181520784795254,0.5668900350970981,0.4008595464520849,0.5404127980567324,0.222009560174276,0.5912648404855078,0.6127303598103162,0.6818306889683787,0.4704003286608931,0.9323612967914436,0.47250540797099577,0.35894731728863,0.08647306218722309,0.2593469963987892
0.6428571428571388,7,6,0.26762618079964845,0.20959988460345916,0.316248989056863,0.2571688666363222,0.8781528541627156,0.3797570614478788,0.3439637637821666,0.5155044218183772,0.48966715435259694,0.5645353643992772,0.2577880795975878,0.6015169747676214,0.5680161771319774,0.5489552222487458,0.4627011497538024,0.7337151521704938,0.46993577660163455,0.34059200031325965,0.07836114265746483,0.33476903198018737
0.5714285714285552,7,6,0.2265178767574692,0.1825973917048808,0.27295450635670565,0.3367604665899131,0.8887729945002844,0.32505585839986606,0.3628512946451032,0.48840951405775057,0.1173189465983906,0.8718145701178692,0.25950006251623015,0.6044069017140583,0.5900568358002548,0.6178557045940336,0.4656937758429695,0.8735328523120478,0.47286046604172843,0.3505746985374916,0.073993185987595,0.2973810463850305
0.5,7,6,0.16584742970123023,0.17198947930865197,0.25538133074488556,0.2925825769543138,0.8822302294708894,0.29250151017823744,0.30340834251608545,0.4501411293704776,0.32608814923189466,0.7488897180944856,0.20509170650072614,0.5930272221643184,0.5887564342530553,0.6257514436647308,0.46734439453763527,0.8260791030984584,0.470367718846552,0.3395925717496267,0.06775324788778095,0.19347235681897038
0.4285714285714164,7,6,0.15212063378734622,0.1767402261192946,0.26506086446603033,0.2180959775808366,0.8719893798596623,0.2800270740387625,0.3339960802604686,0.4275032317966573,0.3347659107534747,0.739561155132173,0.21668125378704084,0.578729190157193,0.5562778923435502,0.5596462679740586,0.463074544226716,0.7093130701478452,0.46810369241075933,0.32826345048815825,0.07024922312770657,0.056722060706124455
0.3571428571428612,7,6,0.1314257469244288,0.1635278235094818,0.26154712228958155,0.30628218515444405,0.8828939882419874,0.2898887198783124,0.37069304338911835,0.445046519115281,0.372878566203365,0.7468996246625256,0.2196243255460552,0.5697988421341873,0.5791318513411032,0.6656383193902076,0.46841460763432197,0.8615781790657437,0.4706447336851976,0.3364306923490144,0.07648916122752061,0.23661510115693382
0.2857142857142776,7,6,0.10719875878734621,0.14593478585621994,0.2513184268305674,0.304399046828563,0.8824198748340603,0.2720431437908021,0.32968746867367016,0.42233433803834725,0.32735918068763714,0.7506822654872437,0.23961028343896973,0.5672121206378684,0.5867218405443033,0.7120105252224491,0.4708073440023966,0.8942965555206038,0.4673190102109138,0.3367167815580457,0.07024922312770657,0.2177835205723652
0.21428571428569398,7,6,0.07716388400702988,0.1378549914041542,0.2456437555392505,0.2608012708952493,0.876920159302105,0.2749834426241439,0.28209603550991985,0.439623823388,0.3184436722750549,0.7414634503244877,0.22913641041424215,0.5663783056500441,0.5815680899137574,0.6874140133423958,0.4696674306040994,0.8321897609311103,0.4716670227550111,0.33581056601882375,0.07648916122752061,0.29010683990763675
0.1428571428571388,7,6,0.07496018233743408,0.130452756060284,0.23748669460358093,0.3158852981338188,0.8834629243315,0.267734587084519,0.2469916320634845,0.4109503911862128,0.41143928310168254,0.7490140989339831,0.22921335346676536,0.5677427301755749,0.6181226557490884,0.820369658349384,0.4767488337338642,0.9559130721138722,0.4709418388608161,0.34652566860081313,0.05839334073805987,0.4202170297787827
0.07142857142855519,7,6,0.08196259885764498,0.11584606996771048,0.21839104620628558,0.27670531116406505,0.8778683861179594,0.24476532194088835,0.2057288268055409,0.39286854847001673,0.4416331382589612,0.7130534032792643,0.18358612332047744,0.5639431868787841,0.6183008932874766,0.8292785594148442,0.47868710446692264,0.9181321759987416,0.47215344072133586,0.34915184424508894,0.05527337168815285,0.23874472081643394
0.0,7,6,0.09289872583479787,0.107920978317805,0.20139382070979192,0.23930136460592427,0.8733168974018585,0.2167742592848669,0.18069802533947812,0.36169423833007713,0.40088697878566204,0.7556940816669959,0.1541169342040722,0.5647343636001857,0.6090264372660023,0.773150113798501,0.4768070402467612,0.855555992450456,0.4762634600428311,0.34920247495706236,0.05277739644822723,0.0
0.9285714285714164,4,6,0.39280467376977146,0.5473533087223368,0.6940811941701472,0.6445152480655438,0.9011947657879764,0.7105479581662433,1.0,0.8102304107128697,0.3594824433065106,0.29991878662832816,0.20750579477364314,0.5605700262462218,0.5762695518033977,0.7314883823483855,0.4697381143314822,0.8097561634948096,0.4680310581155496,0.3315349821973398,0.11532279199790336,1.0
0.8571428571428612,4,6,0.6557076559753954,0.4980070313598539,0.6497241058308605,0.7878568814872329,0.9111511473544471,0.7133499756188092,0.9829433453512957,0.8112022865452705,0.22026335040234085,0.3613409717801825,0.26041376126494375,0.5606410900235932,0.5928778721270185,0.8179442651568851,0.4736673920046378,0.9118408894306385,0.4760424663361291,0.33542429992195333,0.09427298481199066,0.6045966285010109
0.7857142857142776,4,6,0.4048357864674868,0.35092187350850707,0.431385435367233,0.4686693976634805,0.8857386686895504,0.44964010451161196,0.8728978495904929,0.6469862223291629,0.24540965618141913,0.6317156507678688,0.27375376299616244,0.5608163806744426,0.5632838484072644,0.6618863399887385,0.4665949626350451,0.8203002123309215,0.4726839028879473,0.32782461293049014,0.08104494003419485,0.1901223933096443
0.714285714285694,4,6,0.3150469573813708,0.310444570715439,0.3964087438674875,0.4157808776674074,0.8812630381187179,0.38480069286249735,0.7930731597708077,0.581344366744588,0.27542062911485,0.6404881582124279,0.3033095130466563,0.5589213466112053,0.5607291917440372,0.6591165446073723,0.46637547429549375,0.8099318771626296,0.4715773889439012,0.3272886808507626,0.07081019356287985,0.2593469963987892
0.6428571428571388,4,6,0.24701710786467485,0.26141357374723206,0.3397468608162657,0.38358902960364843,0.8786743789114355,0.31600206694274424,0.7029895106680694,0.540804144920429,0.284445866861741,0.7138728535159538,0.35571734969655583,0.5589213466112053,0.5613518023233385,0.6728926321620621,0.4665289501800806,0.8252496854356715,0.46915457157549584,0.3274651177512246,0.058250446155574134,0.33476903198018737
0.5714285714285552,4,6,0.24936497693321616,0.21056922494610883,0.28617903536133243,0.22228172106348226,0.8664896643277071,0.29077663190224234,0.6079428252160075,0.473453768764245,0.2579553767373811,0.7495847874916775,0.4731805372548642,0.5590824245065805,0.539375358001083,0.5492467796573106,0.4611021609121815,0.6895618708713431,0.46884355770504993,0.3217589737228888,0.046606097667511136,0.2973810463850305
0.5,4,6,0.18221386203866433,0.17026229106174892,0.24091560691808242,0.28311333636777425,0.8711596813957898,0.2672469632680985,0.5570036121977211,0.46692301078218856,0.26011338697878567,0.7493360258126825,0.5838342646648649,0.5591913889652167,0.5533084061218002,0.6442052053930831,0.46450204819929514,0.8143419215948411,0.47184126779298763,0.3256498897112399,0.041578579540490955,0.19347235681897038
0.4285714285714164,4,6,0.17906620716168714,0.14033415276535519,0.2038181688696543,0.2505198711255098,0.8687843732220746,0.2276766544639413,0.4862462990009998,0.4083380879933902,0.3282735918068763,0.7793849733312848,0.42763025016109946,0.5599067643240887,0.5522746283991485,0.6343177647751271,0.4643426102959638,0.8085347691884239,0.47060687112705635,0.32560182763741624,0.03518950692009135,0.056722060706124455
0.3571428571428612,4,6,0.12176996375219683,0.12273328205881934,0.17473045568088197,0.23543691486608295,0.86770813578608,0.2062212065414371,0.4239397656856726,0.386374932239517,0.35256035113386974,0.7950276930280882,0.4296596231714003,0.5602383952851553,0.5511219442639009,0.624415746286743,0.4639456750686262,0.8123869534444792,0.469605831452118,0.3256208355597242,0.030064021764904088,0.23661510115693382
0.2857142857142776,4,6,0.12752979459578204,0.10220676595446816,0.14444173023611886,0.22291538372290198,0.8668642139199696,0.19069730205748137,0.36133060820270374,0.3593543079820038,0.4200073152889539,0.8040270125917309,0.419455050830504,0.5606979410454903,0.5559053026400154,0.6484965660003972,0.4651614351796107,0.8310224323686692,0.46851013538182656,0.3270967750405545,0.02641740193937276,0.2177835205723652
0.21428571428569398,4,6,0.07913417179261861,0.08364242969523812,0.12362269622242045,0.2051014306496381,0.8656172956571211,0.17216759703350049,0.3023415923251485,0.34672611245271934,0.4257040965618142,0.8192892732500714,0.38434016523520526,0.5615080681075242,0.5584365198461395,0.6567421739613722,0.4656339097990818,0.8357777603019816,0.47002154688640346,0.32860650638326555,0.030226884149309234,0.29010683990763675
0.1428571428571388,4,6,0.07127704855008787,0.06771391586268778,0.10511192739960384,0.19617660446062812,0.8650104304949743,0.1488562674216345,0.25100896788892785,0.33401125283646915,0.3709765910753475,0.8162017018225451,0.5480942167678147,0.5612759264347776,0.5599906046842779,0.6767831013325996,0.46591842716782533,0.8648553004089334,0.4706010758375449,0.3276191218785124,0.01687716057856706,0.4202170297787827
0.07142857142855519,4,6,0.06471743189806678,0.050904183536819574,0.07915845437330554,0.18518121859576783,0.8641930589797079,0.1356394786064148,0.20597849174384528,0.31244427576586753,0.44743050475493784,0.8326126561162449,0.3786944687563117,0.5613991036488881,0.5640112040604953,0.7001969834741615,0.4674333331059161,0.9056331590122679,0.4689652587847896,0.3287941311298908,0.011843402513447066,0.23874472081643394
0.0,4,6,0.06702754283831283,0.03980083052101426,0.06086645729972146,0.16746543861058305,0.8627944244263227,0.12151294386503736,0.1672539466919963,0.301518410516266,0.4717629846378932,0.8120020193595119,0.9999999999999999,0.5578506523654763,0.5633185192708962,0.7256791009827306,0.46725895942366824,0.887951203208556,0.47199889966769815,0.32859948543898965,0.008994870770881952,0.0
0.9285714285714164,10,4,0.027868931239015814,0.04737343477359259,0.04678470021646929,0.13086472640945318,0.8777735634363739,0.08743750045487296,0.10775046972945021,0.27983381789906814,0.513807607900512,0.8021759330392093,0.10144941475190675,0.5821923649077592,0.5482352286250464,0.488296703396826,0.4609728404231263,0.6572268696917268,0.4705396457687239,0.33300949465697577,0.015275368468344794,1.0
0.8571428571428612,10,4,0.07605516805799648,0.043169043428807057,0.04798124774288387,0.14648317224022062,0.8913332069030911,0.09015218229852767,0.11324688117424231,0.27973477322825024,0.4980065837600585,0.8062219685828633,0.09630384811441431,0.5754034053762116,0.5659530165848808,0.5325186733409016,0.4647340752174431,0.7511243217206668,0.4675558443756136,0.34294287502873305,0.0158993622783262,0.6045966285010109
0.7857142857142776,10,4,0.0941927998681898,0.03549852601030452,0.03940896695663017,0.14677769150445794,0.891522852266262,0.08251759448621188,0.10695229848729526,0.2823470764210728,0.39380029261155813,0.9014172099182746,0.1063641522318294,0.5789565942447815,0.5702402397856462,0.5410959278541192,0.4650337127574355,0.7898784012268008,0.4762356426531763,0.3406039872912917,0.013153789514408015,0.1901223933096443
0.714285714285694,10,4,0.04359690795254833,0.028288200471645764,0.030417001590216132,0.13122171945701355,0.877583918073203,0.07635315609056702,0.0950969967199323,0.2690503293637673,0.49258412582297,0.8409315393226366,0.11632827753359043,0.5717459896341637,0.5545685211021038,0.5195899245048535,0.4630316422774002,0.7192279903271468,0.4654664493304316,0.33044958987696277,0.01109460994146938,0.2593469963987892
0.6428571428571388,10,4,0.0340132084797891,0.023743071309443975,0.026854147388429436,0.12763393932903155,0.8741703015361274,0.07154241963304488,0.08926013308654332,0.2777724506876702,0.5525969275786393,0.8012247854430519,0.10118011406807534,0.5640047754858394,0.5517457756482597,0.5188027195017283,0.4643456835015022,0.7127978530984586,0.47849464650472573,0.33051300669883704,0.010221018607495413,0.33476903198018737
0.5714285714285552,10,4,0.030371265377855887,0.019127444667776758,0.02332701102325213,0.12529563486751094,0.871894557178077,0.07126585687149292,0.09156007676062013,0.25951727979754274,0.5040782735918069,0.8401779377656812,0.11612630202071691,0.5608116430892846,0.5465053478586347,0.5125196573471555,0.46302647929209567,0.7176576262189367,0.4674298934168989,0.32524695600682024,0.008286637796553057,0.2973810463850305
0.5,10,4,0.016349269551845343,0.014717435674550383,0.017710381216425486,0.12177925334904102,0.868860231367343,0.066738961142932,0.08671052447416214,0.26339859283521994,0.4911027798098025,0.8252083379061583,0.1254267934944649,0.5578506523654763,0.5423541223412697,0.5094200376473503,0.4619814664808238,0.707992145721925,0.4715063000592279,0.3239858117561545,0.007912241510564215,0.19347235681897038
0.4285714285714164,10,4,0.015182200131810191,0.011595963944886595,0.01582626533528014,0.12023525841834229,0.8674378911435614,0.06498497099729987,0.08310551407713057,0.2596101341764346,0.47158924652523776,0.8448897766266453,0.12462850932453617,0.5578506523654763,0.5408947719755898,0.5097790177066458,0.4616140954907654,0.7123739285152563,0.4697881898954105,0.32383854316890376,0.0071010495575883886,0.056722060706124455
0.3571428571428612,10,4,0.0,0.009201007906380442,0.013589435817617065,0.11301507403143322,0.8611795941589228,0.06291075028566022,0.062258491728714074,0.2575920990085195,0.5187454279444038,0.8196916818484457,0.10597943696921316,0.5641279526999498,0.5315065369227606,0.46713692447023103,0.4592507389676377,0.6133672636835482,0.4698248933956495,0.3212052894995043,0.006477055747606984,0.23661510115693382
0.9285714285714164,1,1,0.016129585896309313,0.10400445168083663,0.08745392192583645,0.2007282658170232,0.9813199317276692,0.20014410375470337,0.19082458654918796,0.26989220906571965,0.5119330651060717,0.8053513027063808,0.07497138680234292,0.5883370128578062,0.5850471401664885,0.4713153065817262,0.466112961078405,0.7723119495124252,0.462006275139483,0.3315668333103963,0.012966591371413594,1.0
0.8571428571428612,1,1,0.016205102152899824,0.09542725834587593,0.06316579303145098,0.19280302016118234,0.9605537644604588,0.1618765511168041,0.291738398051403,0.28271849393664,0.5150969275786393,0.7829700681168009,0.07497138680234292,0.5785870626024503,0.554510410781369,0.4626323625079039,0.4622844230827976,0.7701235156495753,0.4928623282614248,0.32454663108551046,0.019456126995220206,0.6045966285010109
0.7857142857142776,1,1,0.011197001318101932,0.07913254927276905,0.02561741729582929,0.05596758503128151,0.7927176180542385,0.09956987212611262,0.2852584580617754,0.25027517395184584,0.48837783467446966,0.847304228216891,0.07497138680234292,0.584314803058585,0.49775542782136595,0.41417552120442364,0.45270517995554543,0.3813994180559924,0.48188914074787825,0.3113725426623683,0.024697674999064008,0.1901223933096443
0.714285714285694,1,1,0.015326367530755709,0.09090171181685898,0.04822234313999726,0.13895954376288522,0.8934193058979707,0.13593059730278528,0.2861209369395542,0.23266379342203483,0.4950256035113387,0.8634005721518617,0.07497138680234292,0.582689811349359,0.5341339535674121,0.446602171738247,0.45859288859009134,0.6313662413494809,0.46325071697390074,0.3198159416647435,0.025321668809045413,0.2593469963987892
0.6428571428571388,1,1,0.01196589411247803,0.08628608517519176,0.025657599862014855,0.109222022901104,0.8578608003034325,0.10012299764921652,0.24784654533707226,0.24141067591364218,0.543050475493782,0.8194356036494802,0.07497138680234292,0.5864040781133041,0.5195419148766816,0.4326803054792748,0.4561972634088106,0.549054832494495,0.5002134598303372,0.31642984869408436,0.02756804652497847,0.33476903198018737
0.5714285714285552,1,1,0.01838477592267135,0.09045914430688155,0.02533613933253034,0.054976929324301406,0.7959415892281433,0.0967605767061375,0.27961830013735356,0.19545394865412838,0.6734820775420629,0.7686150559347952,0.07497138680234292,0.5806621249016951,0.496585164093291,0.4101392733296038,0.45230215978124183,0.39824581236237805,0.4245675458378424,0.3110629361440551,0.02769284528697475,0.2973810463850305
0.5,1,1,0.023025593145869945,0.09603431997460601,0.018134530526161995,0.10169839442376859,0.850559453821354,0.08489748982904054,0.32179654350241327,0.26552805325780515,0.5748262618873445,0.760303489248374,0.07497138680234292,0.5769052198713271,0.5182803349303091,0.4313518970365011,0.45598066388246533,0.529288888015099,0.47349794788798405,0.3161349119536485,0.03181120443285203,0.19347235681897038
0.4285714285714164,1,1,0.026313982864674863,0.10770556935277174,0.04192707443759219,0.12887449016930394,0.8736013654466147,0.12240085588896732,0.3723045170818103,0.26165912080398024,0.6224670811997074,0.7266767634642259,0.07497138680234292,0.5732099034480145,0.5251170874130604,0.44044848818372484,0.4572716560650295,0.5954739599716892,0.4643927753602835,0.3177332327721011,0.038051142532666074,0.056722060706124455
0.3571428571428612,1,1,0.02691468036028119,0.11960985206583707,0.08056484418980028,0.1764705882352941,0.9072634174094443,0.17184736646749293,0.43684668643559044,0.27484444260661556,0.6757040965618142,0.6655179730313074,0.07497138680234292,0.5716370251755275,0.5363423899163455,0.4590680731881985,0.4594898343585239,0.692852508650519,0.46749248254362213,0.32035752474840046,0.03717755119869211,0.23661510115693382
0.2857142857142776,1,1,0.0257990992970123,0.1283593725728244,0.09260175512716487,0.19035761778539362,0.9160819267968897,0.17308462092706747,0.41342735866221964,0.2801557130792264,0.610003657644477,0.7242696283939507,0.07497138680234292,0.5773931911426108,0.54086205440005,0.46262325133888627,0.4600063172813047,0.7112950711701792,0.47630750424311785,0.32141414832150056,0.0365535573887107,0.2177835205723652
0.21428571428569398,1,1,0.017887055140597536,0.1329417087380774,0.09219992946530922,0.13995912429605434,0.8772994500284467,0.19058813254634244,0.40430324000782286,0.26660516405295,0.6969915874177031,0.659840353534245,0.07497138680234292,0.5811358834175044,0.5282565096988079,0.44458495891773886,0.45767320110067466,0.6085320659012268,0.47801827370688743,0.31846717831274834,0.0359295635787293,0.29010683990763675
0.1428571428571388,1,1,0.015123846660808436,0.12097867812545751,0.07821193170315668,0.28607637866252555,0.9623553954105821,0.16073391023354996,0.41839039501154324,0.2433482372865177,0.8783741770299927,0.5401274537778851,0.07497138680234292,0.5926671656923033,0.5640829873978735,0.49445038695134813,0.4626548058142836,0.9230976230732935,0.0,0.3268428223488186,0.03218560071884087,0.4202170297787827
0.07142857142855519,1,1,0.002673961994727592,0.13610430399742934,0.0697066218605456,0.12753576624095245,0.9999999999999999,0.20397231461197515,0.45941866653956454,0.34658992603034466,0.45445318215069497,0.7425389787601426,0.07497138680234292,0.5936099451387639,0.5975428124125598,0.4676380387662019,0.4602279568647329,0.5837306346335325,0.4081069918622545,0.3230083022380658,0.0359295635787293,0.23874472081643394
0.0,1,1,0.0013867530755711775,0.14123103736522094,0.07786368279621514,0.0,0.0,0.2519996215456947,0.40206003836517884,0.35889003608754483,0.597924286759327,0.5981401406235138,0.07497138680234292,0.6125792361117691,0.40848332551204225,0.40474181680354676,0.4524011169995778,0.3497992194872601,1.0,0.30836409658056607,0.05652135930811566,0.0
0.9285714285714164,9,8,0.014169595782073812,0.03594109352028194,0.06987181685486402,0.125340258998456,0.8659207282381944,0.09136032488846514,0.11834609839900467,0.2668837271896254,0.4516916605705925,0.8624860071555566,0.056860915814682646,0.6647447862875335,0.5382973871353516,0.4601595912365132,0.45770276533795395,0.6512304871815036,0.46936513376107725,0.32081457109650763,0.012848032547517128,1.0
0.8571428571428612,9,8,0.011052833919156414,0.03390841619569536,0.06735817410347816,0.10836523958695904,0.8574815095770908,0.08839819215289554,0.11134034891809969,0.25785209126941655,0.481949524506218,0.8419265860386167,0.03992382637800198,0.658060053629464,0.5180908659853923,0.43074691541372906,0.4560373952567039,0.5431395486001886,0.5412981989399257,0.31609061721577775,0.012841792609417313,0.6045966285010109
0.7857142857142776,9,8,0.008272462653778559,0.029653110004629238,0.05981278111974445,0.09751265094112291,0.8479992414185472,0.08793968020611204,0.11145383298096531,0.12542936638586055,0.47424103877103146,1.0,0.04679099381570214,0.6489402022001345,0.5041224145180091,0.4080163709484909,0.45475924907329024,0.46152239304812825,0.3979466902908424,0.31282502191476447,0.011593804989454504,0.1901223933096443
0.714285714285694,9,8,0.008488713752196836,0.027029037157860432,0.054138109828427546,0.040947102555177736,0.7204627346861369,0.0,0.05143967773552388,0.27366209684872667,0.48676847110460864,0.8210086554431251,0.10691237148105759,0.5578506523654763,0.17280056098434,0.268846908671464,0.3689515396667551,0.0,0.47164036442325863,0.23536739602480983,0.010969811179473099,0.2593469963987892
0.6428571428571388,9,8,0.0019737203427065025,0.026304479730021285,0.04949479106920679,0.04813158763733076,0.7323155698843162,0.0014264816122153412,0.07986743548336456,0.273265918165455,0.4850676664228237,0.8324736422368065,0.0,0.6386075289703332,0.3897278532533722,0.2704887413284449,0.4235599435193993,0.046897117804340915,0.45372905630664656,0.2860814460359663,0.011593804989454504,0.33476903198018737
0.5714285714285552,9,8,0.004228910369068541,0.027040786737771334,0.04869113974549551,0.12396583576534846,0.8883937037739427,0.09184067073747643,0.10471666244884234,0.2808490257749518,0.49342538405267006,0.8098948616080248,0.06352610773950929,0.604392688958584,0.5399181279296269,0.47677471905710334,0.45886929269621357,0.6672474638251021,0.4819826380853291,0.3211934737640155,0.010969811179473099,0.2973810463850305
0.5,9,8,0.007915476713532512,0.02808062455988644,0.04961087403818731,0.12170785473952894,0.8843163284657689,0.08511582885131841,0.09987467576657538,0.2711426480347959,0.49248354059985366,0.8188649150917858,0.057168688024775656,0.605861340357593,0.5379870584897469,0.46967529615854886,0.4586414452375978,0.6461016141082101,0.4704531027786868,0.32074202133898994,0.011593804989454504,0.19347235681897038
0.4285714285714164,9,8,0.010548248022847099,0.02644939121558911,0.04418622760313614,0.11707586994743277,0.8749288829888109,0.0799120821536961,0.09471493370828468,0.26724895441326646,0.49743964886613024,0.8205623477249282,0.06666153712983178,0.6060034679123357,0.5319872899543858,0.4578890879173143,0.45779477711177313,0.6130109212802768,0.46777142914543823,0.3193393736666984,0.010969811179473099,0.056722060706124455
0.3571428571428612,9,8,0.008955541520210896,0.026952664888439552,0.04173062633624055,0.12209162226565637,0.8869713635501612,0.08546517128696297,0.09158277357319325,0.26669182813991565,0.5019842721287491,0.8167284912604169,0.08258874900214477,0.604288462085106,0.541230249205378,0.47624444902027596,0.4589986746493795,0.6524592540893361,0.47548534583776514,0.3215002262399401,0.01070835777309089,0.23661510115693382
0.2857142857142776,9,8,0.00868093695079086,0.024030936017261147,0.037681116610650905,0.11654038037609217,0.8753081737151526,0.07786697331169351,0.08626415382689065,0.2650637813633462,0.498390636430139,0.821820789159844,0.05551441239552576,0.6058281772614863,0.5329558766869694,0.45943434218270807,0.4579917695867835,0.6133353157439445,0.45162729797717355,0.31956581338980833,0.009825406531967203,0.2177835205723652
0.21428571428569398,9,8,0.006212928383128295,0.02293822508554698,0.03948040262984895,0.11655823002847018,0.8761615778494215,0.07878399720526051,0.08146756076976996,0.2740706561158506,0.5037033650329188,0.8068731388602326,0.05752454964269569,0.6055202342262103,0.5343104819787199,0.46113630855520543,0.45810240498616533,0.6158776344762503,0.4746461879165123,0.3198824979332452,0.009467858078847858,0.29010683990763675
0.1428571428571388,9,8,0.005883402899824253,0.022773730966794303,0.03772129917683647,0.11680812516176246,0.8778683861179594,0.08018136694783881,0.07778689433082799,0.26699515244429556,0.5086411850768106,0.813728718072536,0.05921729679820723,0.6111058471276021,0.5360618489141428,0.4637257027900221,0.4583148864170892,0.618552660034602,0.47242736473890873,0.32029193885431084,0.008644810243482385,0.4202170297787827
0.07142857142855519,9,8,0.005742668057996485,0.020590267366684442,0.03338604675837171,0.11908395583996001,0.8846956191921107,0.08058893312275747,0.07468877941459624,0.2636957268476737,0.5098207754206291,0.8133336259941322,0.05297529166225847,0.6128682288064128,0.5426639626648514,0.4763665386851125,0.459120496516921,0.646777435907518,0.47275112824627974,0.32183540497805496,0.008738409314979595,0.23874472081643394
0.0,9,8,0.006439477152899824,0.01972471497991443,0.032247540716447386,0.12016385980883021,0.8882988810923572,0.07940990240245704,0.07109890022594677,0.2626619480960117,0.5145848573518654,0.814723764788516,0.05864984178584825,0.6150001421275547,0.5475674482586192,0.4846595247249793,0.45960870594874864,0.6610925703837683,0.4602286666700151,0.322981759643852,0.008739033308789577,0.0
0.6428571428571388,11,5,1.3730228471001757e-05,0.026192858720867684,0.010504307680480968,0.10585736342784724,0.8241039256590176,0.049548402122255294,0.0169745678432316,0.23244713320462063,0.5624085588880761,0.8102826371664582,0.053388860569570935,0.5052681946957996,0.5442209774351277,0.3361948478161439,0.4720990122901792,0.5210340319282792,0.48127368100176604,0.32056410033648586,0.05271499706722909,0.33476903198018737
0.5714285714285552,11,5,0.00012700461335676623,0.0368379781201477,0.015678929259266405,0.08945353289244691,0.6609140906504836,0.03820932889862519,0.016592504831583973,0.23530085778256188,0.5473207754206291,0.8189673463713719,0.08144422109586141,0.5062725627493154,0.660913093817892,0.0,1.0,0.425934845863479,0.4155763473371997,0.33890948524434394,0.08397708694729747,0.2973810463850305
0.5,11,5,0.0003810138400702988,0.04272843418214812,0.02069728530288576,0.0991994430908458,0.757538403186042,0.04577841500425761,0.023658779146017293,0.2304352883286317,0.5681236283833211,0.8076340569371585,0.08570494262933645,0.48576829418508793,0.6599076387725733,0.25099266186447317,0.0,0.4940417092639194,0.5269989015994613,0.33190229745275,0.10768885172659086,0.19347235681897038
0.4285714285714164,11,5,0.0007517300087873461,0.05457984378561438,0.026675558205382484,0.09426401420832328,0.7079461407168595,0.043456743400703046,0.027483192064589074,0.23526371603100518,0.5480797366495976,0.8123824783979748,0.07957835207217259,0.3685462246183875,0.9867554859316867,0.18214866876709485,0.40419088122140495,0.4829631468229002,0.440744130627371,0.3475312618960054,0.11892074030625614,0.056722060706124455
0.3571428571428612,11,5,0.001204827548330404,0.06435157774485045,0.03384591390471761,0.09709318411023944,0.7359188317845629,0.04850765278273084,0.039315797019378915,0.2369846171864665,0.5511613021214338,0.8168967712197371,0.08406990276321738,0.6500630098826026,0.3942824327617198,0.32093546194538036,0.4424560394850364,0.5028617981283422,0.45873155021289963,0.3772280866768107,0.13764055460569832,0.23661510115693382
0.2857142857142776,11,5,0.0016819529876977153,0.07153057107041345,0.04169937322920733,0.10097548350245877,0.7747013085530058,0.04986863268826282,0.04305698829184923,0.2419739924789191,0.5468361375274323,0.8100997241671971,0.08469506506496877,0.6044495399804811,0.4379726041578667,0.33299136078953745,0.4434630060117432,0.5205376100975149,0.4869623371861706,1.0,0.15012043080532642,0.2177835205723652
0.21428571428569398,11,5,0.0015343530316344462,0.07488507613497686,0.04208780470233445,0.08125161762474675,0.5791769391238384,0.045210733546335174,0.04747908394151334,0.24214732065285044,0.5422640819312363,0.8100924076472267,0.08574341415559808,0.5959740001326523,0.343617802072341,0.16639181306796752,0.426299767720979,0.45638860490720345,0.45572534036701184,0.0,0.1613523193849917,0.29010683990763675
0.1428571428571388,11,5,0.0011636368629173988,0.07703329099535401,0.0468338122418072,0.11046257374137637,0.8692395220936847,0.05943188186403301,0.06364299729567478,0.24461105683944614,0.5413771031455743,0.8096022008092072,0.10743173708558951,0.5754128805465278,0.5230431837814583,0.4426971246972814,0.45690803438572797,0.5530409523435041,0.421489088049379,0.3182034077151958,0.17133622034469417,0.4202170297787827
0.07142857142855519,11,5,0.002821561950790861,0.078396242265019,0.04827145516533517,0.1113729060126554,0.8768253366205195,0.061287763553394804,0.06674867781609756,0.25317842086519604,0.543516825164594,0.8033392597145095,0.10399815336673945,0.5704289409602138,0.5263491238770425,0.45286701155478454,0.457674184526447,0.5558708025322427,0.49042019326131464,0.31963288338594,0.17757615844450822,0.23874472081643394
0.0,11,5,0.0030824362917398944,0.08507392018105006,0.05124496506306692,0.10974858764625559,0.8619381756116062,0.059264488613619985,0.06774733756931511,0.2499904205232443,0.5392648134601317,0.8055927478654054,0.10778759870350957,0.5721107836913368,0.5215953089833184,0.4394189260847302,0.4566426938195439,0.5506030787983642,0.4871018104870787,0.3174520525159782,0.17820015225448962,0.0
0.9285714285714164,6,3,0.06397943211775042,0.03888357998263627,0.053723782923758616,0.16440779315822823,0.9369429167456855,0.13174285485549597,0.008348265944605401,0.28957548030320296,0.5206007681053402,0.7621531054969015,0.11600126956036663,0.2745193719857114,0.2678656274522921,0.6554884771045433,0.46882690888935147,0.876636717521233,0.4611887529657394,0.2767249247117888,0.09021702504711152,1.0
0.8571428571428612,6,3,0.06625521748681898,0.03896249799437119,0.050924397479497646,0.17661517041955604,0.9531575952967949,0.13889345783509582,0.01365326760336412,0.3004382045751581,0.5252862106803219,0.769356951059798,0.14981774114433555,0.19104785908526706,0.11870278231239029,0.6876017034241595,0.4710778475538851,0.9484409405473417,0.48250769131506327,0.25799635607283994,0.12141671554618177,0.6045966285010109
0.7857142857142776,6,3,0.06875755162565904,0.031099874944325347,0.03829770022985009,0.1514944621453497,0.9177887350654276,0.11597732185355274,0.001457891927613808,0.28263306790805953,0.5309546452084858,0.7938424167928767,0.07593317495888355,0.33116667772103203,0.3714968388473842,0.5960964107460771,0.4667507741558411,0.8518315999528152,0.4636888408609637,0.2908487813610026,0.12141671554618177,0.1901223933096443
0.714285714285694,6,3,0.05488315575571177,0.03532306561696834,0.044670204289193376,0.1630512195774987,0.9326758960743409,0.12771158870750576,0.0,0.2941278209856715,0.51700713240673,0.7737527162580391,0.07329787540996219,0.3606391949895299,0.33991754194319934,0.6633987940456687,0.4704231318459879,0.8957600169078326,0.4775581277196811,0.28473793412196613,0.12453668459608878,0.2593469963987892
0.6428571428571388,6,3,0.05108331502636203,0.03511451057354977,0.0431218360721763,0.1621489196497898,0.929451924900436,0.12492339939301751,0.007383651410247532,0.2869755576942326,0.5226399049012436,0.7667669029902617,0.10989391476633356,0.3226105989255157,0.2879764374857471,0.7613165274783746,0.4708010746630983,0.891652249134948,0.4726862210037519,0.2769596411578256,0.12765665364599582,0.33476903198018737
0.5714285714285552,6,3,0.04698827438488575,0.03817429700868131,0.04217620634794269,0.1556159468794345,0.9183576711549402,0.12937387646378118,0.018695742796693678,0.27821319947281,0.5502286027798098,0.7714406959473796,0.15604051051715348,0.12966296819185325,0.13117232933023215,0.7121982153042128,0.46827754266731003,0.8287909916640452,0.4683478672755069,0.26384914079910105,0.14325649889553096,0.2973810463850305
0.5,6,3,0.04709811621265378,0.04170210837693056,0.04031843237129677,0.15110176979303327,0.9095391617674947,0.11732812716064657,0.022719509385699416,0.2813603438880493,0.5361137527432334,0.7278956956913014,0.11325055543266038,0.0,0.0,0.707567919209442,0.4682956745799865,0.7830931503617489,0.4686156096509343,0.25741487347659064,0.23061563229292764,0.19347235681897038
0.4285714285714164,6,3,0.03469628734622144,0.043251290488183394,0.03846333723239656,0.1496987871161209,0.9034705101460269,0.11325390644900692,0.057870063017700105,0.28432858886662377,0.5321049743964886,0.8156771073406646,0.2931434122320218,0.7190848880508627,0.675126682940812,0.6498468412488132,0.46504821828757664,0.7682115543409876,0.47304089272185046,0.37288001017865674,0.25869535374209085,0.056722060706124455
0.3571428571428612,6,3,0.03723637961335676,0.047223235977064855,0.0414390794949164,0.15173810990030967,0.9036601555091978,0.1197494996397406,0.07967980849942671,0.28551217268289786,0.5240133504023409,0.7765073860269102,0.12529214315254922,0.6129013919025195,0.6094815533914208,0.6856008907078831,0.46665169400928364,0.7622557211387228,0.4695123341146672,0.34316823021573534,0.25869535374209085,0.23661510115693382
0.2857142857142776,6,3,0.03130148835676625,0.04852430612586575,0.04343481361546609,0.15912875846742883,0.9105822112649344,0.12524945233295243,0.09161946675351981,0.28792886265085504,0.5206400877834675,0.780716579965905,0.13201504236676828,0.599664578970807,0.6042926435752204,0.710210158224561,0.4675198131097662,0.793423393755898,0.4710925163881129,0.34059827920651453,0.27117522994171894,0.2177835205723652
0.21428571428569398,6,3,0.033141338971880485,0.04746938967619832,0.043049060980084666,0.15804796201593974,0.9087805803148112,0.12338410928595861,0.08891060217291719,0.28697184351907695,0.5161274689100219,0.7821301316241943,0.11790561011031708,0.6000814864647191,0.6063482351309606,0.713710669361143,0.4677403463392006,0.7927979513998111,0.4679159250305895,0.34130288519140717,0.27117522994171894,0.29010683990763675
0.1428571428571388,6,3,0.03039872583479789,0.046370803954528694,0.04246998555405493,0.1583897828589788,0.9079271761805423,0.12230406620039154,0.08549321875982346,0.288110857233483,0.5215810168251646,0.7771314851803889,0.09946813114943301,0.599006054633832,0.6124752115533084,0.7362699238488493,0.4688806899862732,0.7996004050015728,0.47072857220679604,0.3430906573436137,0.25869535374209085,0.4202170297787827
0.07142857142855519,6,3,0.03523863137082601,0.04063035086272416,0.03778514480977575,0.15342043963693808,0.9013844111511473,0.11360397668139241,0.0864162224711306,0.28310600621121507,0.5262893196781273,0.7830161621926147,0.12245486809075432,0.5950975468784051,0.6016286027788453,0.7141844501500609,0.46776271927552004,0.8016696484743628,0.47121576287838896,0.33976158813987845,0.24621547754246279,0.23874472081643394
0.0,6,3,0.02783803822495606,0.03802605647547205,0.0340102159531208,0.14989245584442243,0.8969277451166318,0.10856689543744222,0.08414540637318932,0.27945001979964873,0.5299533650329188,0.7779509354170783,0.08873457532243947,0.5935625692871829,0.5982811553113078,0.7066750246457121,0.46750192705353283,0.795076085246933,0.48268077729513753,0.3387049074859305,0.2368555703927417,0.0
0.9285714285714164,3,0,0.011166108304042178,0.053933773551580085,0.132574836201015,0.16472506180442134,0.8719362791579744,0.04993413439494618,0.35512189512332504,0.4753215036441939,0.2999604059985369,0.8165959334782005,0.07497138680234292,0.8970712248552668,0.5401596031699912,0.43948999320306786,0.45691756132289696,0.8092425389273354,0.44412973875993944,0.32191457611391416,0.05115501254227558,1.0
0.8571428571428612,3,0,0.014965949033391915,0.05256614203258391,0.129456713712311,0.18751294546038716,0.877044377014982,0.04993413439494618,0.3962767013814415,0.6602614271705656,0.5987808796634967,0.811373791493814,0.07497138680234292,0.8581946010479538,0.5442317205196332,0.4418115190687656,0.45715456693401707,0.8959283579742057,0.46390867550976334,0.3229638933384995,0.04753584844438343,0.6045966285010109
0.7857142857142776,3,0,0.01189724297012302,0.048214587199414294,0.11953541488461639,0.12676273349576517,0.8621429926038308,0.04993413439494618,0.3559116685448279,0.7009186455121281,0.3293363204096562,0.8359628028124704,0.07497138680234292,0.8436549521977658,0.5280873061178448,0.4356232130719764,0.45649837608746147,0.6599805363321798,0.5483746337859969,0.31871091353273306,0.0484094397783574,0.1901223933096443
0.714285714285694,3,0,0.013997967926186291,0.04757689833238311,0.11808152034543115,0.14658644140405364,0.8647828560591693,0.04993413439494618,0.34821283406398157,0.14666522474133398,0.39533174835405993,0.816743570608076,0.07497138680234292,0.8105913453794332,0.5315751461669895,0.4376604704643234,0.4566938934238134,0.753215682997798,0.44512730126117095,0.31965445994639763,0.04703665339639831,0.2593469963987892
0.6428571428571388,3,0,0.01087434094903339,0.04873311574351572,0.12071763062909144,0.12588209412121698,0.8626133131044945,0.04993413439494618,0.35309624242919446,0.31411652122678957,0.553352776152158,0.7440148086364202,0.07497138680234292,0.8372497370640237,0.5281837497173836,0.43611339396512605,0.4565085791298489,0.6363021980182446,0.4092672088224397,0.31875343876432294,0.0487214366833481,0.33476903198018737
0.5714285714285552,3,0,0.01571767904217926,0.04667776172970109,0.11603153976053093,0.08716812587574857,0.8525222833301724,0.04993413439494618,0.35290411391076293,0.7282049570991103,0.5863604334308705,0.8193590509010295,0.07497138680234292,0.8079809359573238,0.5239148385924801,0.43439138302078983,0.4563657365364248,0.42318732305756523,0.5258243895918147,0.31760400173274617,0.046475058967415044,0.2973810463850305
0.5,3,0,0.015861846441124778,0.050417633432709,0.1245582356578119,0.1304553446321633,0.8632505215247487,0.04993413439494618,0.3969342658697059,0.33853586101110866,1.0,0.7972377942155594,0.07497138680234292,0.7236756080690551,0.5267566286052204,0.435659657748047,0.45664386163764853,0.6619883414595784,0.46000690025804497,0.31833372329065834,0.0710604150806824,0.19347235681897038
0.4285714285714164,3,0,0.018347017794376096,0.06969990818976171,0.1685207311971564,0.10485424866350727,0.8568537834249952,0.04993413439494618,0.4120091861566088,0.3965004546459905,0.4271709034381858,0.8053638212720502,0.07497138680234292,0.7314641980689602,0.5214126765467234,0.43331262060909986,0.4562826370586669,0.532153143677257,0.5080606681814266,0.31694420421335423,0.07736275256149458,0.056722060706124455
0.3571428571428612,3,0,0.020756672891036904,0.0751007788395079,0.18083441072094797,0.10751049470311565,0.8575194386497249,0.04993413439494618,0.4422689549593103,0.13732828362332888,0.7056648683247988,0.7734228143725719,0.07497138680234292,0.7976293123868902,0.5222311042572402,0.43343288804013286,0.45635399689126815,0.5428335856401383,0.4951414224499471,0.31716208180929845,0.07917233461044065,0.23661510115693382
0.2857142857142776,3,0,0.019047259446397187,0.07908690215481519,0.1899225463624328,0.11683094415736253,0.8601555091978,0.04993413439494618,0.40959311045819946,0.0,0.22106903803950256,0.8779602127644008,0.07497138680234292,0.871516690512512,0.5240552311740873,0.434099825612225,0.45646457082653924,0.5759463962724126,0.4545195337960035,0.31764310211346974,0.08372748942330491,0.2177835205723652
0.21428571428569398,3,0,0.01813076669595782,0.08363667240108177,0.2002957651178277,0.09454881433684079,0.852844680447563,0.04993413439494618,0.4085556391554819,0.1092650903996186,0.44219431236283835,0.7773374159514769,0.07497138680234292,0.9220761993196828,0.5181877979069541,0.4320115456733791,0.4560774083928137,0.49894326045926385,0.3844370977344668,0.31608251173539414,0.08347789189931235,0.29010683990763675
0.1428571428571388,3,0,0.011488768673110718,0.08918004587251406,0.21293434301287748,0.16584986657384845,0.872558315949175,0.04993413439494618,0.4267409306374059,0.532653635152984,0.5170390453547915,0.7403233901826936,0.07497138680234292,0.9181203157126749,0.5303643517110072,0.43580361421852587,0.4569691911759418,0.6995529745989304,0.49307134503646977,0.31932013742099935,0.08466348013827701,0.4202170297787827
0.07142857142855519,3,0,0.01617764169595782,0.0894997323592566,0.21366321011618786,0.17205378100261495,0.875402996396738,0.04993413439494618,0.39524997323667516,0.4227129362925487,0.465526426481346,0.8120961098063317,0.07497138680234292,1.0,0.5338883275898525,0.4369115323710724,0.45706513665285015,0.7269987122522805,0.41969061653767,0.32034502404273846,0.088657040522158,0.23874472081643394
0.0,3,0,0.012645540421792618,0.0835504696498021,0.20009922772188457,0.15834310601801027,0.9065048359567608,0.04993413439494618,0.3774517758931858,0.6494593058565671,0.7099272128749086,0.8027243062109939,0.07497138680234292,0.9612655037474298,0.5667836523459723,0.44739119897517565,0.459316013853273,0.6973485667662787,0.5526994651720487,0.329447364351789,0.08659786094921937,0.0
1.0,8,2,0.34337585127416514,0.0463081395283372,0.06331759383704089,0.1482592126518336,0.8744547695808836,0.09190617244415979,0.11466164915796717,0.27876908768777553,0.6125274323335772,0.7253012577097829,0.31691881546170636,0.5813301244089862,0.5673586515280329,0.6255765092195918,0.4645699045775826,0.7481900263447624,0.4629014541926795,0.3318589160084436,0.012964095396173669,0.48520632185970836
0.9285714285714164,8,2,0.12340042838312829,0.04619064372922815,0.07277835580895317,0.19631047685346326,0.8944623553954105,0.1315492609224096,0.13172586941086262,0.3002308297956331,0.4552029992684711,0.8239425799512721,0.6184105488925008,0.5773363401207137,0.6085762043608134,0.8344628145858881,0.4720876414296872,0.9944410585089649,0.47459557572144595,0.34426606616092653,0.010640966441612899,1.0
0.8571428571428612,8,2,0.2525881480667838,0.026139985611268617,0.04117253513921882,0.14793791890902924,0.8743599468992982,0.09090181294168165,0.09496081584449353,0.2798895305264032,0.3651792245793709,0.8381293121739576,0.3722023986996624,0.5773789783871365,0.5817153190036863,0.7064800456287343,0.46777740919799354,0.8684322408776344,0.4699751845703122,0.3411465407493608,0.008458236094297944,0.6045966285010109
0.7857142857142776,8,2,0.11095397627416519,0.01486626368675518,0.024974496236860263,0.1342293858827099,0.8686705860041721,0.0734128572572252,0.07722325681859535,0.27332163079279004,0.6012801755669349,0.8045025863898096,0.7168495667144354,0.5655776537583262,0.5750416660766109,0.7265519509746217,0.46823500950265884,0.8638870320855614,0.4712466710891165,0.33016087494893404,0.005213468282394638,0.1901223933096443
0.714285714285694,8,2,0.049428822495606324,0.016428957814905554,0.026773782256058302,0.14623327710692832,0.8736724824578038,0.07951907191359597,0.0663968772212141,0.26701991361200006,0.507626188734455,0.7893281239711144,0.7427986111779019,0.5679322335818986,0.6273316766194834,0.9999999999999999,0.47859287998511585,0.9835160919314249,0.46983532491677,0.3435622022270549,0.0049027193650239,0.2593469963987892
0.6428571428571388,8,2,0.027954745166959574,0.012508514651300226,0.020750862057799847,0.13646951725615142,0.8693817561160628,0.07473744732571087,0.05931925450049422,0.26552805325780515,0.5567757863935625,0.7916840434015965,0.7508103065218854,0.5705331678336918,0.6186827611094481,0.9262359756330896,0.47593388108919565,0.9346394306385655,0.47163881901272225,0.3419007499909669,0.0038113541913664217,0.33476903198018737
0.5714285714285552,8,2,0.04025016476274165,0.007017544306270581,0.012897402733310127,0.12414433228912866,0.8640479802768821,0.06536342530258149,0.05285444571924875,0.2541998190330058,0.5378383321141185,0.8124263775177974,0.43795023708078057,0.5809558551814968,0.5896988957574094,0.7407890636816047,0.46929698640850265,0.845466587370242,0.4698036440007743,0.33519569112662806,0.003044465798899275,0.2973810463850305
0.5,8,2,0.019747501098418278,0.0032968440011506353,0.007307561303940524,0.11475541513829017,0.8605158353878247,0.05700831871674878,0.04796328260974003,0.2511232439457242,0.5414319678127286,0.8053513027063808,0.22641454993123214,0.5738589526146732,0.5526486830687524,0.5841115790202577,0.46439356404379023,0.6998024142812205,0.46990602744880927,0.32583814234719066,0.002375544434599209,0.19347235681897038
0.4285714285714164,8,2,0.006085923769771529,0.0026545336326878246,0.006361038633791678,0.11490713718350334,0.8606106580694101,0.05725576960866369,0.047770359702868456,0.249458055417598,0.5384418434528164,0.804195292551051,0.5920383176401566,0.5728403718056831,0.5539754540051929,0.591976340116295,0.4627968493742677,0.714814259594212,0.46982605245355175,0.3263938244002472,0.00237616842840919,0.056722060706124455
0.3571428571428612,8,2,0.003741487258347979,0.0015735722808845557,0.0048832131440781495,0.11320249538140244,0.8597098425943485,0.05531255231039075,0.047915611737732275,0.2490185446908435,0.5377194586686174,0.8131507129948712,0.5509603454743057,0.5724566274078776,0.5432101508475561,0.5428762502801684,0.4607669356520546,0.6801212547184649,0.46941845042458225,0.32346803138601826,0.0021140910282169997,0.23661510115693382
0.2857142857142776,8,2,0.0031270595342706496,0.0018676231425248206,0.004697225904123477,0.11429610788329897,0.8600891333206903,0.05629125115537732,0.04932018506980972,0.24895151620986747,0.5382864667154352,0.8101855469464504,0.4492608658016985,0.5580354181866419,0.5475535310809643,0.5921603857304515,0.4632622556210005,0.7107064918213274,0.4692102063548054,0.3246151281028364,0.0015936801906925083,0.2177835205723652
0.21428571428569398,8,2,0.0026293387521968362,0.0013149444444123491,0.003938998739120184,0.11446169910840985,0.8601839560022757,0.056131351300208875,0.04674039347950837,0.24947759197891684,0.5346345647403072,0.8120292587633618,0.38269550748752074,0.5580970067936971,0.5533262298756391,0.6229889372185787,0.46469922506663786,0.72780969841145,0.4696861928000096,0.3267625666768518,0.001068901396498147,0.29010683990763675
0.1428571428571388,8,2,0.0029039433216168716,0.0004246768162997532,0.0010484122638067077,0.11153485590868117,0.8589749668120613,0.05314907533424065,0.04309278116527705,0.24803303164532944,0.5391488844184346,0.8117021956876431,0.3080318928952709,0.5582012336671751,0.5385308050623367,0.5349167330263477,0.4609832893219568,0.6369976800880779,0.4696541255313798,0.3220547666760412,0.00038001223027867535,0.4202170297787827
0.07142857142855519,8,2,0.0030721386203866425,0.0,1.184939229516551e-05,0.10866879970012583,0.8576711549402616,0.05063805139700584,0.04113963722171343,0.24686931866613815,0.5403407735918069,0.8107440095992743,0.2829869292989526,0.5582865102000208,0.5128746101359049,0.3977517279332042,0.4545746723486549,0.524097347829506,0.4704268307995684,0.31454287002845077,0.00017846222965468188,0.23874472081643394
0.0,8,2,0.003559561731107205,0.00019272052622530157,0.0,0.10900746115469401,0.8578370946330361,0.050758894040072486,0.040116434648500135,0.24539326212723067,0.5431751371616679,0.8077418000102432,0.24660248333702017,0.5583575739773923,0.5160401576498819,0.41596131033188344,0.4553654695977917,0.5384333713431896,0.46914800358071623,0.31541403792714096,0.0,0.0
0.9285714285714164,5,2,0.037442333040421785,0.11696228005924647,0.11470663125880134,0.18079912893696393,0.8763512232125924,0.1617819375404837,0.4217684372828435,0.33938442622834114,0.4492867593269934,0.8202550538861696,0.12956248256758968,0.5771373615440738,0.5380546910899299,0.5125233018147626,0.45962382611999747,0.7053834735765963,0.4517938159624682,0.3228949967552392,0.07892273708644809,1.0
0.8571428571428612,5,2,0.07189490883128294,0.14823574525543884,0.19037933284537115,0.28659401858148814,0.9040394462355394,0.2773487820321541,0.3919032147387048,0.4261908899083199,0.321525237746891,0.7660689069850817,0.1838746597674396,0.5767725674869005,0.5699570130123169,0.6472811360534424,0.4656020713897041,0.8581437755583516,0.4585016703956135,0.3348707869411121,0.07218360393864892,0.6045966285010109
0.7857142857142776,5,2,0.03575351493848857,0.14597003459595265,0.18947299274140786,0.2957955143823574,0.9047980276882229,0.31132961186599806,0.33760865626169123,0.46585828057089596,0.3482717629846379,0.7176042787008787,0.1623690765871909,0.5791318848956309,0.5820700849533823,0.6810598840694854,0.4673045657938578,0.8790045513526266,0.4743486963882597,0.3428127877766616,0.06563166893384416,0.1901223933096443
0.714285714285694,5,2,0.08936662456063268,0.134412364490259,0.18290091080528,0.29712531348451987,0.9026171060117579,0.2890881434632936,0.32424023365611987,0.44902687682377607,0.41336869056327724,0.6817825969255984,0.11346214882709932,0.5755786960270611,0.5854106959125982,0.7132350663384215,0.4687114792893298,0.9085957160270524,0.47233966269096933,0.34606508324014407,0.06575646769584045,0.2593469963987892
0.6428571428571388,5,2,0.07352194090509666,0.13222498436351218,0.19003108393842957,0.29716993761546495,0.9004361843352929,0.285740278455033,0.3131150126931924,0.42604232290209304,0.44231894659839066,0.6741587831163985,0.14531657257172534,0.5745980158993358,0.5880425074554565,0.7321006529063718,0.4691124096838673,0.914347573922617,0.47288326084714,0.3477744833883602,0.06363488874190366,0.33476903198018737
0.5714285714285552,5,2,0.07415353141476273,0.1163885089069306,0.1693192034345593,0.19496282809892276,0.8768253366205195,0.24045676523460527,0.2921431578756237,0.3807170054190434,0.40096013167520117,0.7482897634569095,0.1416617775768709,0.5762561707046684,0.5530676633644703,0.5742496496755513,0.4624024956395823,0.7371839611513054,0.46802758094184277,0.33351505972568884,0.06070211783499107,0.2973810463850305
0.5,5,2,0.05899879173989454,0.10978132847036498,0.15652775319882137,0.20134407882406488,0.8780580314811302,0.2022037685315245,0.2815777916228335,0.3788475372573552,0.3090160936356986,0.7683077620960367,0.14700931972723688,0.5759387524990761,0.55713611829894,0.5981755795159053,0.4634269179737471,0.762657527917584,0.46985232443267017,0.33013924130762856,0.0627612974079297,0.19347235681897038
0.4285714285714164,5,2,0.05580308106326889,0.10188561077023675,0.14958956343744728,0.2111970869367319,0.8800493077944244,0.21523133019410337,0.26213040604975973,0.36157662278348085,0.4702633504023409,0.8242864563898827,0.2143537264482125,0.5754318308871602,0.5647497911202547,0.6374064510721112,0.46478109526218037,0.802711642812205,0.47077609358078965,0.3305538765858415,0.06357248936090552,0.056722060706124455
0.3571428571428612,5,2,0.0602276471880492,0.1028941163792561,0.15374176194328892,0.21373173757441072,0.8798596624312535,0.22384116563926026,0.24238417911113985,0.37024303148004867,0.4545171909290417,0.710712116888723,0.14536466197955236,0.5694293104918561,0.5702561102513931,0.664371866896754,0.4667192430670173,0.8066203503460206,0.46967846574732774,0.3327993229754807,0.06319809307491668,0.23661510115693382
0.2857142857142776,5,2,0.044286851933216166,0.09670208776620913,0.1354899474358904,0.19513239979651395,0.8758771098046652,0.19783698808596734,0.2514288589215307,0.37245915598959956,0.379828090709583,0.7700710434089131,0.2062266165254441,0.5687849989103554,0.5594221978495275,0.6221033315900629,0.4644072090763806,0.7734792780748663,0.4711732640886386,0.32921949760748476,0.06375968750389994,0.2177835205723652
0.21428571428569398,5,2,0.03522146858523725,0.09794166844680961,0.1427674566450537,0.20749328406829276,0.8781528541627156,0.21120661421678152,0.22474875574182074,0.36074712366538075,0.4165234089246525,0.7999956100880178,0.21262250776643934,0.570291550990629,0.5715804395777186,0.670040836259537,0.46664161389511777,0.8027227017143754,0.46802758094184277,0.33414380526389303,0.0621373035979483,0.29010683990763675
0.1428571428571388,5,2,0.042385215289982424,0.09923020571037221,0.14547308276821502,0.22478067239640506,0.880618243883937,0.22125748720897226,0.20473016705232333,0.373616740579784,0.45089612289685443,0.7290838985345011,0.1856732036201706,0.5654165758629511,0.5879304375511822,0.7639040994793878,0.4711386355594343,0.8437106794589493,0.46891928282133244,0.3406359525660438,0.059079733929039424,0.4202170297787827
0.07142857142855519,5,2,0.0402673275483304,0.07891126551778034,0.12196181682008378,0.21158977928904832,0.8770149819836904,0.19713102524726894,0.21804184762646192,0.3471780037633261,0.44871982443306513,0.7763339845036108,0.3047618131630327,0.5598783388131402,0.5757299559680031,0.7629128042902672,0.46980855220242196,0.8721271429694871,0.4726622671404381,0.3311862752983031,0.048097442873366696,0.23874472081643394
0.0,5,2,0.0386677559314587,0.06227386036393873,0.08209178170485174,0.1482681374780226,0.8652569694670964,0.1282596196534232,0.1888159186364663,0.3129952117472922,0.47225676664228233,0.7915084469223059,0.24685254825772074,0.56037578525474,0.5446819534248221,0.582243789371639,0.46226592238545655,0.7020412275872915,0.4739816613858701,0.3230162935567538,0.0464126595864169,0.0
0.9285714285714164,2,7,0.29414954964850615,1.0,1.0000000000000002,0.08498219497175291,0.8553954105822111,0.444167073019847,0.5835097064810371,0.533258179062489,0.20126188734455008,0.8813992112791472,0.06964308041510775,0.5796340689223889,0.514552484606869,0.42157925714816763,0.45534358837435845,0.542703336347908,0.46844329637612825,0.3150917594606225,0.9581924147312458,1.0
0.8571428571428612,2,7,0.5804454086115992,0.9135211335924199,0.8764430737089662,0.4070434728283666,0.8886781718186989,0.48159765940568117,0.5540114157401639,0.530627304993888,0.013322970007315194,0.856325497340445,0.0880324699681648,0.574555377632913,0.5780289760521997,0.5768645551836173,0.4670952804966939,0.6364705390846177,0.45427188175754907,0.33182643700606157,0.9999999999999999,0.6045966285010109
0.7857142857142776,2,7,0.5609347539543058,0.7495009145628219,0.6767759023328976,0.29965103929600967,0.8777735634363739,0.3998442514974418,0.3843867869749045,0.6528050967397157,0.0,0.8022198321590319,0.07979956334817692,0.5739868674139418,0.5748631843772112,0.5533158277405941,0.46659865048169114,0.6171027150833595,0.4712806701209168,0.3318603430296379,0.8065619189057645,0.1901223933096443
0.714285714285694,2,7,0.3144737203427065,0.5428218874033645,0.5081386015112369,0.21269645773648557,0.8688649725014223,0.31433541240602325,0.2658186380928928,0.48226255417511354,0.32306144842721285,0.7366491801839373,0.0843007319207871,0.5757255611669619,0.5646936340876119,0.5260460988707617,0.46446123602974543,0.5999700180874488,0.4718300635665989,0.33030968471907457,0.49456501391506197,0.2593469963987892
0.6428571428571388,2,7,0.25209385984182775,0.44954001422737044,0.41324077436966267,0.19917534606013548,0.8675042670206713,0.2519777876434669,0.1957951885027026,0.43403398977871377,0.43198610095098755,0.7540624977135876,0.0844065286180066,0.5834099242933891,0.5755783319798675,0.5451522203007779,0.4653630374629287,0.6023587409562755,0.47366717034171735,0.3361533365096922,0.4006539455128605,0.33476903198018737
0.5714285714285552,2,7,0.19343832381370824,0.3417944081810523,0.28912575688160713,0.13634456968950528,0.8608714204437701,0.163346700533475,0.1358756033096492,0.3575343621557246,0.2974305047549378,0.8829356804729399,0.07881853942850547,0.6001572878272486,0.545828777695794,0.474389415008282,0.4596824628816698,0.5701638192041522,0.4685047264449492,0.32838423356204294,0.349798449999376,0.2973810463850305
0.5,2,7,0.12230544266256589,0.25978429866625324,0.20782303129948218,0.1304363347523807,0.860278778683861,0.1394604114962773,0.10400927845697991,0.3503412429375733,0.4580742501828822,0.7831090819962394,0.07928019774364498,0.5767536171462682,0.5491215330967576,0.4841037434149026,0.4615300125872352,0.570634436929852,0.47058716714271753,0.3250582467240873,0.20964944027755245,0.19347235681897038
0.4285714285714164,2,7,0.10875370716168715,0.2030318694332632,0.15260772063094077,0.114594768266888,0.8585482647449268,0.11189147094999308,0.08168696329131019,0.3183745754310904,0.4861100950987564,0.7818945396811461,0.08012657132140075,0.5869725883322753,0.5299758915417254,0.4490731207758342,0.45782348085150165,0.5560551175684176,0.4716291601968699,0.3198618346663519,0.14063572489360907,0.056722060706124455
0.3571428571428612,2,7,0.0493258457820738,0.16774788096081522,0.11189385162581186,0.10712468874668665,0.8577090840128958,0.08576356795074272,0.07168901735284805,0.28620362829104545,0.49877468910021944,0.8427240867153948,0.08606080424725648,0.5943063701570036,0.5136249169242159,0.42424154073512554,0.455348997216106,0.5458833851053789,0.46939797373497527,0.31447380220264715,0.09277539966803527,0.23661510115693382
0.2857142857142776,2,7,0.06265789762741651,0.13928256536332917,0.08526173970393514,0.11172097423402678,0.8582353498956949,0.07902417012976615,0.06792512926780461,0.27774149922803965,0.5059893928310168,0.8063536659423313,0.08185779000317389,0.5733615061730735,0.5259675002160825,0.4447325598558248,0.45743017200669933,0.553732748112614,0.4701022945869292,0.3185329354493812,0.06981242746071958,0.2177835205723652
0.21428571428569398,2,7,0.03900414652899824,0.113122125691699,0.062272847116216216,0.10892750363686667,0.8579129527783045,0.07055989403279452,0.0620466548113649,0.2697250711837144,0.5122165325530359,0.8268252888196259,0.08658016985178843,0.5756876604856972,0.5179407069633255,0.43011642251770754,0.4559157577814947,0.5484269326045925,0.4687187658042375,0.3159325603482982,0.05177900635225698,0.29010683990763675
0.1428571428571388,2,7,0.027021089630931455,0.08763337033830888,0.04292717386265513,0.11490713718350334,0.8586051583538782,0.0640825030385514,0.060401135899813246,0.2680103603201792,0.5274414776883687,0.8067707075806464,0.09171611860771545,0.5594093178824889,0.5389646791797558,0.4777860588180627,0.46096909111236944,0.5653384515570934,0.4692376373918261,0.32253515909088704,0.03168640567085575,0.4202170297787827
0.07142857142855519,2,7,0.0277316289543058,0.060466383320977826,0.02888113461601234,0.11955697162797754,0.8591551299070737,0.06429356409341999,0.05702309362851295,0.2654847212143223,0.5143653986832479,0.8116215603210489,0.10626797341617533,0.5686239210149803,0.5600811884195409,0.5439768794975007,0.46453271879056823,0.5905957553475935,0.46921677434958503,0.3282506072974096,0.017646544946274132,0.23874472081643394
0.0,2,7,0.019991212653778557,0.04148102044827369,0.01945162575113327,0.11732576508072504,0.8589228143371894,0.06089475331329466,0.05094413066101062,0.2642342822452461,0.5237198244330651,0.8082486446146755,0.10674886749444568,0.5673589857777693,0.5609965480516196,0.5512931482186753,0.4666744357302677,0.5944331944007548,0.47070307293294583,0.3291254283703572,0.011781003132448925,0.0
